"","finishedAdmissionEpisodes","currentPopulation","ageRelativeHospitalisationDailyRates"
"0-9",612518,6714926,0.000249910647838757
"10-19",643932,6213584,0.000283925872777124
"20-29",1551717,7350225,0.000578387661881751
"30-39",1647005,7198946,0.00062680598878689
"40-49",1535305,7525823,0.000558917618510713
"50-59",1997061,7089322,0.000771780432599902
"60-69",2402483,5921856,0.00111150038188694
"70-79",2509541,4072848,0.00168811966332172
"80+",2170584,2621589,0.00226839732675566
